TIME,ACC4,ACC3,ACC2,ACC1,ROOT
0,1,1,1,1,1
1,4,3,2,1,0
2,10,6,3,1,0
3,20,10,4,1,0
4,35,15,5,1,0
5,56,21,6,1,0
6,84,28,7,1,0
7,120,36,8,1,0
8,165,45,9,1,0
9,220,55,10,1,0
10,286,66,11,1,0
11,364,78,12,1,0
12,455,91,13,1,0
13,560,105,14,1,0
14,680,120,15,1,0
15,816,136,16,1,0
16,969,153,17,1,0
17,1140,171,18,1,0
18,1330,190,19,1,0
19,1540,210,20,1,0
20,1771,231,21,1,0
21,2024,253,22,1,0
22,2300,276,23,1,0
23,2600,300,24,1,0
24,2925,325,25,1,0
25,3276,351,26,1,0
26,3654,378,27,1,0
27,4060,406,28,1,0
28,4495,435,29,1,0
29,4960,465,30,1,0
30,5456,496,31,1,0
31,5984,528,32,1,0
32,6545,561,33,1,0
33,7140,595,34,1,0
34,7770,630,35,1,0
35,8436,666,36,1,0
36,9139,703,37,1,0
37,9880,741,38,1,0
38,10660,780,39,1,0
39,11480,820,40,1,0
40,12341,861,41,1,0
41,13244,903,42,1,0
42,14190,946,43,1,0
43,15180,990,44,1,0
44,16215,1035,45,1,0
45,17296,1081,46,1,0
46,18424,1128,47,1,0
47,19600,1176,48,1,0
48,20825,1225,49,1,0
49,22100,1275,50,1,0
50,23426,1326,51,1,0
51,24804,1378,52,1,0
52,26235,1431,53,1,0
53,27720,1485,54,1,0
54,29260,1540,55,1,0
55,30856,1596,56,1,0
56,32509,1653,57,1,0
57,34220,1711,58,1,0
58,35990,1770,59,1,0
59,37820,1830,60,1,0
60,39711,1891,61,1,0
61,41664,1953,62,1,0
62,43680,2016,63,1,0
63,45760,2080,64,1,0
64,47905,2145,65,1,0
65,50116,2211,66,1,0
66,52394,2278,67,1,0
67,54740,2346,68,1,0
68,57155,2415,69,1,0
69,59640,2485,70,1,0
70,62196,2556,71,1,0
71,64824,2628,72,1,0
72,67525,2701,73,1,0
73,70300,2775,74,1,0
74,73150,2850,75,1,0
75,76076,2926,76,1,0
76,79079,3003,77,1,0
77,82160,3081,78,1,0
78,85320,3160,79,1,0
79,88560,3240,80,1,0
80,91881,3321,81,1,0
81,95284,3403,82,1,0
82,98770,3486,83,1,0
83,102340,3570,84,1,0
84,105995,3655,85,1,0
85,109736,3741,86,1,0
86,113564,3828,87,1,0
87,117480,3916,88,1,0
88,121485,4005,89,1,0
89,125580,4095,90,1,0
90,129766,4186,91,1,0
91,134044,4278,92,1,0
92,138415,4371,93,1,0
93,142880,4465,94,1,0
94,147440,4560,95,1,0
95,152096,4656,96,1,0
96,156849,4753,97,1,0
97,161700,4851,98,1,0
98,166650,4950,99,1,0
99,171700,5050,100,1,0
100,176851,5151,101,1,0
101,182104,5253,102,1,0
102,187460,5356,103,1,0
103,192920,5460,104,1,0
104,198485,5565,105,1,0
105,204156,5671,106,1,0
106,209934,5778,107,1,0
107,215820,5886,108,1,0
108,221815,5995,109,1,0
109,227920,6105,110,1,0
110,234136,6216,111,1,0
111,240464,6328,112,1,0
112,246905,6441,113,1,0
113,253460,6555,114,1,0
114,260130,6670,115,1,0
115,266916,6786,116,1,0
116,273819,6903,117,1,0
117,280840,7021,118,1,0
118,287980,7140,119,1,0
119,295240,7260,120,1,0
120,302621,7381,121,1,0
121,310124,7503,122,1,0
122,317750,7626,123,1,0
123,325500,7750,124,1,0
124,333375,7875,125,1,0
125,341376,8001,126,1,0
126,349504,8128,127,1,0
127,357760,8256,128,1,0
128,366144,8384,128,0,-1
129,374655,8511,127,-1,-1
130,383292,8637,126,-1,0
131,392054,8762,125,-1,0
132,400940,8886,124,-1,0
133,409949,9009,123,-1,0
134,419080,9131,122,-1,0
135,428332,9252,121,-1,0
136,437704,9372,120,-1,0
137,447195,9491,119,-1,0
138,456804,9609,118,-1,0
139,466530,9726,117,-1,0
140,476372,9842,116,-1,0
141,486329,9957,115,-1,0
142,496400,10071,114,-1,0
143,506584,10184,113,-1,0
144,516880,10296,112,-1,0
145,527287,10407,111,-1,0
146,537804,10517,110,-1,0
147,548430,10626,109,-1,0
148,559164,10734,108,-1,0
149,570005,10841,107,-1,0
150,580952,10947,106,-1,0
151,592004,11052,105,-1,0
152,603160,11156,104,-1,0
153,614419,11259,103,-1,0
154,625780,11361,102,-1,0
155,637242,11462,101,-1,0
156,648804,11562,100,-1,0
157,660465,11661,99,-1,0
158,672224,11759,98,-1,0
159,684080,11856,97,-1,0
160,696032,11952,96,-1,0
161,708079,12047,95,-1,0
162,720220,12141,94,-1,0
163,732454,12234,93,-1,0
164,744780,12326,92,-1,0
165,757197,12417,91,-1,0
166,769704,12507,90,-1,0
167,782300,12596,89,-1,0
168,794984,12684,88,-1,0
169,807755,12771,87,-1,0
170,820612,12857,86,-1,0
171,833554,12942,85,-1,0
172,846580,13026,84,-1,0
173,859689,13109,83,-1,0
174,872880,13191,82,-1,0
175,886152,13272,81,-1,0
176,899504,13352,80,-1,0
177,912935,13431,79,-1,0
178,926444,13509,78,-1,0
179,940030,13586,77,-1,0
180,953692,13662,76,-1,0
181,967429,13737,75,-1,0
182,981240,13811,74,-1,0
183,995124,13884,73,-1,0
184,1009080,13956,72,-1,0
185,1023107,14027,71,-1,0
186,1037204,14097,70,-1,0
187,1051370,14166,69,-1,0
188,1065604,14234,68,-1,0
189,1079905,14301,67,-1,0
190,1094272,14367,66,-1,0
191,1108704,14432,65,-1,0
192,1123200,14496,64,-1,0
193,1137759,14559,63,-1,0
194,1152380,14621,62,-1,0
195,1167062,14682,61,-1,0
196,1181804,14742,60,-1,0
197,1196605,14801,59,-1,0
198,1211464,14859,58,-1,0
199,1226380,14916,57,-1,0
200,1241352,14972,56,-1,0
201,1256379,15027,55,-1,0
202,1271460,15081,54,-1,0
203,1286594,15134,53,-1,0
204,1301780,15186,52,-1,0
205,1317017,15237,51,-1,0
206,1332304,15287,50,-1,0
207,1347640,15336,49,-1,0
208,1363024,15384,48,-1,0
209,1378455,15431,47,-1,0
210,1393932,15477,46,-1,0
211,1409454,15522,45,-1,0
212,1425020,15566,44,-1,0
213,1440629,15609,43,-1,0
214,1456280,15651,42,-1,0
215,1471972,15692,41,-1,0
216,1487704,15732,40,-1,0
217,1503475,15771,39,-1,0
218,1519284,15809,38,-1,0
219,1535130,15846,37,-1,0
220,1551012,15882,36,-1,0
221,1566929,15917,35,-1,0
222,1582880,15951,34,-1,0
223,1598864,15984,33,-1,0
224,1614880,16016,32,-1,0
225,1630927,16047,31,-1,0
226,1647004,16077,30,-1,0
227,1663110,16106,29,-1,0
228,1679244,16134,28,-1,0
229,1695405,16161,27,-1,0
230,1711592,16187,26,-1,0
231,1727804,16212,25,-1,0
232,1744040,16236,24,-1,0
233,1760299,16259,23,-1,0
234,1776580,16281,22,-1,0
235,1792882,16302,21,-1,0
236,1809204,16322,20,-1,0
237,1825545,16341,19,-1,0
238,1841904,16359,18,-1,0
239,1858280,16376,17,-1,0
240,1874672,16392,16,-1,0
241,1891079,16407,15,-1,0
242,1907500,16421,14,-1,0
243,1923934,16434,13,-1,0
244,1940380,16446,12,-1,0
245,1956837,16457,11,-1,0
246,1973304,16467,10,-1,0
247,1989780,16476,9,-1,0
248,2006264,16484,8,-1,0
249,2022755,16491,7,-1,0
250,2039252,16497,6,-1,0
251,2055754,16502,5,-1,0
252,2072260,16506,4,-1,0
253,2088769,16509,3,-1,0
254,2105280,16511,2,-1,0
255,2121792,16512,1,-1,0
256,2138304,16512,0,-1,0
257,2154816,16512,0,0,1
258,2171328,16512,0,0,0
259,2187840,16512,0,0,0
260,2204352,16512,0,0,0
261,2220864,16512,0,0,0
262,2237376,16512,0,0,0
263,2253888,16512,0,0,0
264,2270400,16512,0,0,0
265,2286912,16512,0,0,0
266,2303424,16512,0,0,0
267,2319936,16512,0,0,0
268,2336448,16512,0,0,0
269,2352960,16512,0,0,0
270,2369472,16512,0,0,0
271,2385984,16512,0,0,0
272,2402496,16512,0,0,0
273,2419008,16512,0,0,0
274,2435520,16512,0,0,0
275,2452032,16512,0,0,0
276,2468544,16512,0,0,0
277,2485056,16512,0,0,0
278,2501568,16512,0,0,0
279,2518080,16512,0,0,0
280,2534592,16512,0,0,0
281,2551104,16512,0,0,0
282,2567616,16512,0,0,0
283,2584128,16512,0,0,0
284,2600640,16512,0,0,0
285,2617152,16512,0,0,0
286,2633664,16512,0,0,0
287,2650176,16512,0,0,0
288,2666688,16512,0,0,0
289,2683200,16512,0,0,0
290,2699712,16512,0,0,0
291,2716224,16512,0,0,0
292,2732736,16512,0,0,0
293,2749248,16512,0,0,0
294,2765760,16512,0,0,0
295,2782272,16512,0,0,0
296,2798784,16512,0,0,0
297,2815296,16512,0,0,0
298,2831808,16512,0,0,0
299,2848320,16512,0,0,0
300,2864832,16512,0,0,0
301,2881344,16512,0,0,0
302,2897856,16512,0,0,0
303,2914368,16512,0,0,0
304,2930880,16512,0,0,0
305,2947392,16512,0,0,0
306,2963904,16512,0,0,0
307,2980416,16512,0,0,0
308,2996928,16512,0,0,0
309,3013440,16512,0,0,0
310,3029952,16512,0,0,0
311,3046464,16512,0,0,0
312,3062976,16512,0,0,0
313,3079488,16512,0,0,0
314,3096000,16512,0,0,0
315,3112512,16512,0,0,0
316,3129024,16512,0,0,0
317,3145536,16512,0,0,0
318,3162048,16512,0,0,0
319,3178560,16512,0,0,0
320,3195072,16512,0,0,0
321,3211584,16512,0,0,0
322,3228096,16512,0,0,0
323,3244608,16512,0,0,0
324,3261120,16512,0,0,0
325,3277632,16512,0,0,0
326,3294144,16512,0,0,0
327,3310656,16512,0,0,0
328,3327168,16512,0,0,0
329,3343680,16512,0,0,0
330,3360192,16512,0,0,0
331,3376704,16512,0,0,0
332,3393216,16512,0,0,0
333,3409728,16512,0,0,0
334,3426240,16512,0,0,0
335,3442752,16512,0,0,0
336,3459264,16512,0,0,0
337,3475776,16512,0,0,0
338,3492288,16512,0,0,0
339,3508800,16512,0,0,0
340,3525312,16512,0,0,0
341,3541824,16512,0,0,0
342,3558336,16512,0,0,0
343,3574848,16512,0,0,0
344,3591360,16512,0,0,0
345,3607872,16512,0,0,0
346,3624384,16512,0,0,0
347,3640896,16512,0,0,0
348,3657408,16512,0,0,0
349,3673920,16512,0,0,0
350,3690432,16512,0,0,0
351,3706944,16512,0,0,0
352,3723456,16512,0,0,0
353,3739968,16512,0,0,0
354,3756480,16512,0,0,0
355,3772992,16512,0,0,0
356,3789504,16512,0,0,0
357,3806016,16512,0,0,0
358,3822528,16512,0,0,0
359,3839040,16512,0,0,0
360,3855552,16512,0,0,0
361,3872064,16512,0,0,0
362,3888576,16512,0,0,0
363,3905088,16512,0,0,0
364,3921600,16512,0,0,0
365,3938112,16512,0,0,0
366,3954624,16512,0,0,0
367,3971136,16512,0,0,0
368,3987648,16512,0,0,0
369,4004160,16512,0,0,0
370,4020672,16512,0,0,0
371,4037184,16512,0,0,0
372,4053696,16512,0,0,0
373,4070208,16512,0,0,0
374,4086720,16512,0,0,0
375,4103232,16512,0,0,0
376,4119744,16512,0,0,0
377,4136256,16512,0,0,0
378,4152768,16512,0,0,0
379,4169280,16512,0,0,0
380,4185792,16512,0,0,0
381,4202304,16512,0,0,0
382,4218816,16512,0,0,0
383,4235328,16512,0,0,0
384,4251840,16512,0,0,0
385,4268352,16512,0,0,0
386,4284864,16512,0,0,0
387,4301376,16512,0,0,0
388,4317888,16512,0,0,0
389,4334400,16512,0,0,0
390,4350912,16512,0,0,0
391,4367424,16512,0,0,0
392,4383936,16512,0,0,0
393,4400448,16512,0,0,0
394,4416960,16512,0,0,0
395,4433472,16512,0,0,0
396,4449984,16512,0,0,0
397,4466496,16512,0,0,0
398,4483008,16512,0,0,0
399,4499520,16512,0,0,0
400,4516032,16512,0,0,0
401,4532544,16512,0,0,0
402,4549056,16512,0,0,0
403,4565568,16512,0,0,0
404,4582080,16512,0,0,0
405,4598592,16512,0,0,0
406,4615104,16512,0,0,0
407,4631616,16512,0,0,0
408,4648128,16512,0,0,0
409,4664640,16512,0,0,0
410,4681152,16512,0,0,0
411,4697664,16512,0,0,0
412,4714176,16512,0,0,0
413,4730688,16512,0,0,0
414,4747200,16512,0,0,0
415,4763712,16512,0,0,0
416,4780224,16512,0,0,0
417,4796736,16512,0,0,0
418,4813248,16512,0,0,0
419,4829760,16512,0,0,0
420,4846272,16512,0,0,0
421,4862784,16512,0,0,0
422,4879296,16512,0,0,0
423,4895808,16512,0,0,0
424,4912320,16512,0,0,0
425,4928832,16512,0,0,0
426,4945344,16512,0,0,0
427,4961856,16512,0,0,0
428,4978368,16512,0,0,0
429,4994880,16512,0,0,0
430,5011392,16512,0,0,0
431,5027904,16512,0,0,0
432,5044416,16512,0,0,0
433,5060928,16512,0,0,0
434,5077440,16512,0,0,0
435,5093952,16512,0,0,0
436,5110464,16512,0,0,0
437,5126976,16512,0,0,0
438,5143488,16512,0,0,0
439,5160000,16512,0,0,0
440,5176512,16512,0,0,0
441,5193024,16512,0,0,0
442,5209536,16512,0,0,0
443,5226048,16512,0,0,0
444,5242560,16512,0,0,0
445,5259072,16512,0,0,0
446,5275584,16512,0,0,0
447,5292096,16512,0,0,0
448,5308608,16512,0,0,0
449,5325120,16512,0,0,0
450,5341632,16512,0,0,0
451,5358144,16512,0,0,0
452,5374656,16512,0,0,0
453,5391168,16512,0,0,0
454,5407680,16512,0,0,0
455,5424192,16512,0,0,0
456,5440704,16512,0,0,0
457,5457216,16512,0,0,0
458,5473728,16512,0,0,0
459,5490240,16512,0,0,0
460,5506752,16512,0,0,0
461,5523264,16512,0,0,0
462,5539776,16512,0,0,0
463,5556288,16512,0,0,0
464,5572800,16512,0,0,0
465,5589312,16512,0,0,0
466,5605824,16512,0,0,0
467,5622336,16512,0,0,0
468,5638848,16512,0,0,0
469,5655360,16512,0,0,0
470,5671872,16512,0,0,0
471,5688384,16512,0,0,0
472,5704896,16512,0,0,0
473,5721408,16512,0,0,0
474,5737920,16512,0,0,0
475,5754432,16512,0,0,0
476,5770944,16512,0,0,0
477,5787456,16512,0,0,0
478,5803968,16512,0,0,0
479,5820480,16512,0,0,0
480,5836992,16512,0,0,0
481,5853504,16512,0,0,0
482,5870016,16512,0,0,0
483,5886528,16512,0,0,0
484,5903040,16512,0,0,0
485,5919552,16512,0,0,0
486,5936064,16512,0,0,0
487,5952576,16512,0,0,0
488,5969088,16512,0,0,0
489,5985600,16512,0,0,0
490,6002112,16512,0,0,0
491,6018624,16512,0,0,0
492,6035136,16512,0,0,0
493,6051648,16512,0,0,0
494,6068160,16512,0,0,0
495,6084672,16512,0,0,0
496,6101184,16512,0,0,0
497,6117696,16512,0,0,0
498,6134208,16512,0,0,0
499,6150720,16512,0,0,0
500,6167232,16512,0,0,0
501,6183744,16512,0,0,0
502,6200256,16512,0,0,0
503,6216768,16512,0,0,0
504,6233280,16512,0,0,0
505,6249792,16512,0,0,0
506,6266304,16512,0,0,0
507,6282816,16512,0,0,0
508,6299328,16512,0,0,0
509,6315840,16512,0,0,0
510,6332352,16512,0,0,0
511,6348864,16512,0,0,0
512,6365376,16512,0,0,0
513,6381888,16512,0,0,0
514,6398400,16512,0,0,0
515,6414912,16512,0,0,0
516,6431424,16512,0,0,0
517,6447936,16512,0,0,0
518,6464448,16512,0,0,0
519,6480960,16512,0,0,0
520,6497472,16512,0,0,0
521,6513984,16512,0,0,0
522,6530496,16512,0,0,0
523,6547008,16512,0,0,0
524,6563520,16512,0,0,0
525,6580032,16512,0,0,0
526,6596544,16512,0,0,0
527,6613056,16512,0,0,0
528,6629568,16512,0,0,0
529,6646080,16512,0,0,0
530,6662592,16512,0,0,0
531,6679104,16512,0,0,0
532,6695616,16512,0,0,0
533,6712128,16512,0,0,0
534,6728640,16512,0,0,0
535,6745152,16512,0,0,0
536,6761664,16512,0,0,0
537,6778176,16512,0,0,0
538,6794688,16512,0,0,0
539,6811200,16512,0,0,0
540,6827712,16512,0,0,0
541,6844224,16512,0,0,0
542,6860736,16512,0,0,0
543,6877248,16512,0,0,0
544,6893760,16512,0,0,0
545,6910272,16512,0,0,0
546,6926784,16512,0,0,0
547,6943296,16512,0,0,0
548,6959808,16512,0,0,0
549,6976320,16512,0,0,0
550,6992832,16512,0,0,0
551,7009344,16512,0,0,0
552,7025856,16512,0,0,0
553,7042368,16512,0,0,0
554,7058880,16512,0,0,0
555,7075392,16512,0,0,0
556,7091904,16512,0,0,0
557,7108416,16512,0,0,0
558,7124928,16512,0,0,0
559,7141440,16512,0,0,0
560,7157952,16512,0,0,0
561,7174464,16512,0,0,0
562,7190976,16512,0,0,0
563,7207488,16512,0,0,0
564,7224000,16512,0,0,0
565,7240512,16512,0,0,0
566,7257024,16512,0,0,0
567,7273536,16512,0,0,0
568,7290048,16512,0,0,0
569,7306560,16512,0,0,0
570,7323072,16512,0,0,0
571,7339584,16512,0,0,0
572,7356096,16512,0,0,0
573,7372608,16512,0,0,0
574,7389120,16512,0,0,0
575,7405632,16512,0,0,0
576,7422144,16512,0,0,0
577,7438656,16512,0,0,0
578,7455168,16512,0,0,0
579,7471680,16512,0,0,0
580,7488192,16512,0,0,0
581,7504704,16512,0,0,0
582,7521216,16512,0,0,0
583,7537728,16512,0,0,0
584,7554240,16512,0,0,0
585,7570752,16512,0,0,0
586,7587264,16512,0,0,0
587,7603776,16512,0,0,0
588,7620288,16512,0,0,0
589,7636800,16512,0,0,0
590,7653312,16512,0,0,0
591,7669824,16512,0,0,0
592,7686336,16512,0,0,0
593,7702848,16512,0,0,0
594,7719360,16512,0,0,0
595,7735872,16512,0,0,0
596,7752384,16512,0,0,0
597,7768896,16512,0,0,0
598,7785408,16512,0,0,0
599,7801920,16512,0,0,0
600,7818432,16512,0,0,0
601,7834944,16512,0,0,0
602,7851456,16512,0,0,0
603,7867968,16512,0,0,0
604,7884480,16512,0,0,0
605,7900992,16512,0,0,0
606,7917504,16512,0,0,0
607,7934016,16512,0,0,0
608,7950528,16512,0,0,0
609,7967040,16512,0,0,0
610,7983552,16512,0,0,0
611,8000064,16512,0,0,0
612,8016576,16512,0,0,0
613,8033088,16512,0,0,0
614,8049600,16512,0,0,0
615,8066112,16512,0,0,0
616,8082624,16512,0,0,0
617,8099136,16512,0,0,0
618,8115648,16512,0,0,0
619,8132160,16512,0,0,0
620,8148672,16512,0,0,0
621,8165184,16512,0,0,0
622,8181696,16512,0,0,0
623,8198208,16512,0,0,0
624,8214720,16512,0,0,0
625,8231232,16512,0,0,0
626,8247744,16512,0,0,0
627,8264256,16512,0,0,0
628,8280768,16512,0,0,0
629,8297280,16512,0,0,0
630,8313792,16512,0,0,0
631,8330304,16512,0,0,0
632,8346816,16512,0,0,0
633,8363328,16512,0,0,0
634,8379840,16512,0,0,0
635,8396352,16512,0,0,0
636,8412864,16512,0,0,0
637,8429376,16512,0,0,0
638,8445888,16512,0,0,0
639,8462400,16512,0,0,0
640,8478912,16512,0,0,0
641,8495424,16512,0,0,0
642,8511936,16512,0,0,0
643,8528448,16512,0,0,0
644,8544960,16512,0,0,0
645,8561472,16512,0,0,0
646,8577984,16512,0,0,0
647,8594496,16512,0,0,0
648,8611008,16512,0,0,0
649,8627520,16512,0,0,0
650,8644032,16512,0,0,0
651,8660544,16512,0,0,0
652,8677056,16512,0,0,0
653,8693568,16512,0,0,0
654,8710080,16512,0,0,0
655,8726592,16512,0,0,0
656,8743104,16512,0,0,0
657,8759616,16512,0,0,0
658,8776128,16512,0,0,0
659,8792640,16512,0,0,0
660,8809152,16512,0,0,0
661,8825664,16512,0,0,0
662,8842176,16512,0,0,0
663,8858688,16512,0,0,0
664,8875200,16512,0,0,0
665,8891712,16512,0,0,0
666,8908224,16512,0,0,0
667,8924736,16512,0,0,0
668,8941248,16512,0,0,0
669,8957760,16512,0,0,0
670,8974272,16512,0,0,0
671,8990784,16512,0,0,0
672,9007296,16512,0,0,0
673,9023808,16512,0,0,0
674,9040320,16512,0,0,0
675,9056832,16512,0,0,0
676,9073344,16512,0,0,0
677,9089856,16512,0,0,0
678,9106368,16512,0,0,0
679,9122880,16512,0,0,0
680,9139392,16512,0,0,0
681,9155904,16512,0,0,0
682,9172416,16512,0,0,0
683,9188928,16512,0,0,0
684,9205440,16512,0,0,0
685,9221952,16512,0,0,0
686,9238464,16512,0,0,0
687,9254976,16512,0,0,0
688,9271488,16512,0,0,0
689,9288000,16512,0,0,0
690,9304512,16512,0,0,0
691,9321024,16512,0,0,0
692,9337536,16512,0,0,0
693,9354048,16512,0,0,0
694,9370560,16512,0,0,0
695,9387072,16512,0,0,0
696,9403584,16512,0,0,0
697,9420096,16512,0,0,0
698,9436608,16512,0,0,0
699,9453120,16512,0,0,0
700,9469632,16512,0,0,0
701,9486144,16512,0,0,0
702,9502656,16512,0,0,0
703,9519168,16512,0,0,0
704,9535680,16512,0,0,0
705,9552192,16512,0,0,0
706,9568704,16512,0,0,0
707,9585216,16512,0,0,0
708,9601728,16512,0,0,0
709,9618240,16512,0,0,0
710,9634752,16512,0,0,0
711,9651264,16512,0,0,0
712,9667776,16512,0,0,0
713,9684288,16512,0,0,0
714,9700800,16512,0,0,0
715,9717312,16512,0,0,0
716,9733824,16512,0,0,0
717,9750336,16512,0,0,0
718,9766848,16512,0,0,0
719,9783360,16512,0,0,0
720,9799872,16512,0,0,0
721,9816384,16512,0,0,0
722,9832896,16512,0,0,0
723,9849408,16512,0,0,0
724,9865920,16512,0,0,0
725,9882432,16512,0,0,0
726,9898944,16512,0,0,0
727,9915456,16512,0,0,0
728,9931968,16512,0,0,0
729,9948480,16512,0,0,0
730,9964992,16512,0,0,0
731,9981504,16512,0,0,0
732,9998016,16512,0,0,0
733,10014528,16512,0,0,0
734,10031040,16512,0,0,0
735,10047552,16512,0,0,0
736,10064063,16511,-1,-1,-1
737,10080572,16509,-2,-1,0
738,10097078,16506,-3,-1,0
739,10113580,16502,-4,-1,0
740,10130077,16497,-5,-1,0
741,10146568,16491,-6,-1,0
742,10163052,16484,-7,-1,0
743,10179528,16476,-8,-1,0
744,10195995,16467,-9,-1,0
745,10212452,16457,-10,-1,0
746,10228898,16446,-11,-1,0
747,10245332,16434,-12,-1,0
748,10261753,16421,-13,-1,0
749,10278160,16407,-14,-1,0
750,10294552,16392,-15,-1,0
751,10310928,16376,-16,-1,0
752,10327287,16359,-17,-1,0
753,10343628,16341,-18,-1,0
754,10359950,16322,-19,-1,0
755,10376252,16302,-20,-1,0
756,10392533,16281,-21,-1,0
757,10408792,16259,-22,-1,0
758,10425028,16236,-23,-1,0
759,10441240,16212,-24,-1,0
760,10457427,16187,-25,-1,0
761,10473588,16161,-26,-1,0
762,10489722,16134,-27,-1,0
763,10505828,16106,-28,-1,0
764,10521905,16077,-29,-1,0
765,10537952,16047,-30,-1,0
766,10553968,16016,-31,-1,0
767,10569952,15984,-32,-1,0
768,10585903,15951,-33,-1,0
769,10601820,15917,-34,-1,0
770,10617702,15882,-35,-1,0
771,10633548,15846,-36,-1,0
772,10649357,15809,-37,-1,0
773,10665128,15771,-38,-1,0
774,10680860,15732,-39,-1,0
775,10696552,15692,-40,-1,0
776,10712203,15651,-41,-1,0
777,10727812,15609,-42,-1,0
778,10743378,15566,-43,-1,0
779,10758900,15522,-44,-1,0
780,10774377,15477,-45,-1,0
781,10789808,15431,-46,-1,0
782,10805192,15384,-47,-1,0
783,10820528,15336,-48,-1,0
784,10835815,15287,-49,-1,0
785,10851052,15237,-50,-1,0
786,10866238,15186,-51,-1,0
787,10881372,15134,-52,-1,0
788,10896453,15081,-53,-1,0
789,10911480,15027,-54,-1,0
790,10926452,14972,-55,-1,0
791,10941368,14916,-56,-1,0
792,10956227,14859,-57,-1,0
793,10971028,14801,-58,-1,0
794,10985770,14742,-59,-1,0
795,11000452,14682,-60,-1,0
796,11015073,14621,-61,-1,0
797,11029632,14559,-62,-1,0
798,11044128,14496,-63,-1,0
799,11058560,14432,-64,-1,0
800,11072927,14367,-65,-1,0
801,11087228,14301,-66,-1,0
802,11101462,14234,-67,-1,0
803,11115628,14166,-68,-1,0
804,11129725,14097,-69,-1,0
805,11143752,14027,-70,-1,0
806,11157708,13956,-71,-1,0
807,11171592,13884,-72,-1,0
808,11185403,13811,-73,-1,0
809,11199140,13737,-74,-1,0
810,11212802,13662,-75,-1,0
811,11226388,13586,-76,-1,0
812,11239897,13509,-77,-1,0
813,11253328,13431,-78,-1,0
814,11266680,13352,-79,-1,0
815,11279952,13272,-80,-1,0
816,11293143,13191,-81,-1,0
817,11306252,13109,-82,-1,0
818,11319278,13026,-83,-1,0
819,11332220,12942,-84,-1,0
820,11345077,12857,-85,-1,0
821,11357848,12771,-86,-1,0
822,11370532,12684,-87,-1,0
823,11383128,12596,-88,-1,0
824,11395635,12507,-89,-1,0
825,11408052,12417,-90,-1,0
826,11420378,12326,-91,-1,0
827,11432612,12234,-92,-1,0
828,11444753,12141,-93,-1,0
829,11456800,12047,-94,-1,0
830,11468752,11952,-95,-1,0
831,11480608,11856,-96,-1,0
832,11492367,11759,-97,-1,0
833,11504028,11661,-98,-1,0
834,11515590,11562,-99,-1,0
835,11527052,11462,-100,-1,0
836,11538413,11361,-101,-1,0
837,11549672,11259,-102,-1,0
838,11560828,11156,-103,-1,0
839,11571880,11052,-104,-1,0
840,11582827,10947,-105,-1,0
841,11593668,10841,-106,-1,0
842,11604402,10734,-107,-1,0
843,11615028,10626,-108,-1,0
844,11625545,10517,-109,-1,0
845,11635952,10407,-110,-1,0
846,11646248,10296,-111,-1,0
847,11656432,10184,-112,-1,0
848,11666503,10071,-113,-1,0
849,11676460,9957,-114,-1,0
850,11686302,9842,-115,-1,0
851,11696028,9726,-116,-1,0
852,11705637,9609,-117,-1,0
853,11715128,9491,-118,-1,0
854,11724500,9372,-119,-1,0
855,11733752,9252,-120,-1,0
856,11742883,9131,-121,-1,0
857,11751892,9009,-122,-1,0
858,11760778,8886,-123,-1,0
859,11769540,8762,-124,-1,0
860,11778177,8637,-125,-1,0
861,11786688,8511,-126,-1,0
862,11795072,8384,-127,-1,0
863,11803328,8256,-128,-1,0
864,11811456,8128,-128,0,1
865,11819457,8001,-127,1,1
866,11827332,7875,-126,1,0
867,11835082,7750,-125,1,0
868,11842708,7626,-124,1,0
869,11850211,7503,-123,1,0
870,11857592,7381,-122,1,0
871,11864852,7260,-121,1,0
872,11871992,7140,-120,1,0
873,11879013,7021,-119,1,0
874,11885916,6903,-118,1,0
875,11892702,6786,-117,1,0
876,11899372,6670,-116,1,0
877,11905927,6555,-115,1,0
878,11912368,6441,-114,1,0
879,11918696,6328,-113,1,0
880,11924912,6216,-112,1,0
881,11931017,6105,-111,1,0
882,11937012,5995,-110,1,0
883,11942898,5886,-109,1,0
884,11948676,5778,-108,1,0
885,11954347,5671,-107,1,0
886,11959912,5565,-106,1,0
887,11965372,5460,-105,1,0
888,11970728,5356,-104,1,0
889,11975981,5253,-103,1,0
890,11981132,5151,-102,1,0
891,11986182,5050,-101,1,0
892,11991132,4950,-100,1,0
893,11995983,4851,-99,1,0
894,12000736,4753,-98,1,0
895,12005392,4656,-97,1,0
896,12009952,4560,-96,1,0
897,12014417,4465,-95,1,0
898,12018788,4371,-94,1,0
899,12023066,4278,-93,1,0
900,12027252,4186,-92,1,0
901,12031347,4095,-91,1,0
902,12035352,4005,-90,1,0
903,12039268,3916,-89,1,0
904,12043096,3828,-88,1,0
905,12046837,3741,-87,1,0
906,12050492,3655,-86,1,0
907,12054062,3570,-85,1,0
908,12057548,3486,-84,1,0
909,12060951,3403,-83,1,0
910,12064272,3321,-82,1,0
911,12067512,3240,-81,1,0
912,12070672,3160,-80,1,0
913,12073753,3081,-79,1,0
914,12076756,3003,-78,1,0
915,12079682,2926,-77,1,0
916,12082532,2850,-76,1,0
917,12085307,2775,-75,1,0
918,12088008,2701,-74,1,0
919,12090636,2628,-73,1,0
920,12093192,2556,-72,1,0
921,12095677,2485,-71,1,0
922,12098092,2415,-70,1,0
923,12100438,2346,-69,1,0
924,12102716,2278,-68,1,0
925,12104927,2211,-67,1,0
926,12107072,2145,-66,1,0
927,12109152,2080,-65,1,0
928,12111168,2016,-64,1,0
929,12113121,1953,-63,1,0
930,12115012,1891,-62,1,0
931,12116842,1830,-61,1,0
932,12118612,1770,-60,1,0
933,12120323,1711,-59,1,0
934,12121976,1653,-58,1,0
935,12123572,1596,-57,1,0
936,12125112,1540,-56,1,0
937,12126597,1485,-55,1,0
938,12128028,1431,-54,1,0
939,12129406,1378,-53,1,0
940,12130732,1326,-52,1,0
941,12132007,1275,-51,1,0
942,12133232,1225,-50,1,0
943,12134408,1176,-49,1,0
944,12135536,1128,-48,1,0
945,12136617,1081,-47,1,0
946,12137652,1035,-46,1,0
947,12138642,990,-45,1,0
948,12139588,946,-44,1,0
949,12140491,903,-43,1,0
950,12141352,861,-42,1,0
951,12142172,820,-41,1,0
952,12142952,780,-40,1,0
953,12143693,741,-39,1,0
954,12144396,703,-38,1,0
955,12145062,666,-37,1,0
956,12145692,630,-36,1,0
957,12146287,595,-35,1,0
958,12146848,561,-34,1,0
959,12147376,528,-33,1,0
960,12147872,496,-32,1,0
961,12148337,465,-31,1,0
962,12148772,435,-30,1,0
963,12149178,406,-29,1,0
964,12149556,378,-28,1,0
965,12149907,351,-27,1,0
966,12150232,325,-26,1,0
967,12150532,300,-25,1,0
968,12150808,276,-24,1,0
969,12151061,253,-23,1,0
970,12151292,231,-22,1,0
971,12151502,210,-21,1,0
972,12151692,190,-20,1,0
973,12151863,171,-19,1,0
974,12152016,153,-18,1,0
975,12152152,136,-17,1,0
976,12152272,120,-16,1,0
977,12152377,105,-15,1,0
978,12152468,91,-14,1,0
979,12152546,78,-13,1,0
980,12152612,66,-12,1,0
981,12152667,55,-11,1,0
982,12152712,45,-10,1,0
983,12152748,36,-9,1,0
984,12152776,28,-8,1,0
985,12152797,21,-7,1,0
986,12152812,15,-6,1,0
987,12152822,10,-5,1,0
988,12152828,6,-4,1,0
989,12152831,3,-3,1,0
990,12152832,1,-2,1,0
991,12152832,0,-1,1,0
992,12152832,0,0,1,0
993,12152832,0,0,0,-1
994,12152832,0,0,0,0
995,12152832,0,0,0,0
996,12152832,0,0,0,0
997,12152832,0,0,0,0
998,12152832,0,0,0,0
999,12152832,0,0,0,0
1000,12152831,-1,-1,-1,-1
1001,12152828,-3,-2,-1,0
1002,12152822,-6,-3,-1,0
1003,12152812,-10,-4,-1,0
1004,12152797,-15,-5,-1,0
1005,12152776,-21,-6,-1,0
1006,12152748,-28,-7,-1,0
1007,12152712,-36,-8,-1,0
1008,12152667,-45,-9,-1,0
1009,12152612,-55,-10,-1,0
1010,12152546,-66,-11,-1,0
1011,12152468,-78,-12,-1,0
1012,12152377,-91,-13,-1,0
1013,12152272,-105,-14,-1,0
1014,12152152,-120,-15,-1,0
1015,12152016,-136,-16,-1,0
1016,12151863,-153,-17,-1,0
1017,12151692,-171,-18,-1,0
1018,12151502,-190,-19,-1,0
1019,12151292,-210,-20,-1,0
1020,12151061,-231,-21,-1,0
1021,12150808,-253,-22,-1,0
1022,12150532,-276,-23,-1,0
1023,12150232,-300,-24,-1,0
1024,12149907,-325,-25,-1,0
1025,12149556,-351,-26,-1,0
1026,12149178,-378,-27,-1,0
1027,12148772,-406,-28,-1,0
1028,12148337,-435,-29,-1,0
1029,12147872,-465,-30,-1,0
1030,12147376,-496,-31,-1,0
1031,12146848,-528,-32,-1,0
1032,12146287,-561,-33,-1,0
1033,12145692,-595,-34,-1,0
1034,12145062,-630,-35,-1,0
1035,12144396,-666,-36,-1,0
1036,12143693,-703,-37,-1,0
1037,12142952,-741,-38,-1,0
1038,12142172,-780,-39,-1,0
1039,12141352,-820,-40,-1,0
1040,12140491,-861,-41,-1,0
1041,12139588,-903,-42,-1,0
1042,12138642,-946,-43,-1,0
1043,12137652,-990,-44,-1,0
1044,12136617,-1035,-45,-1,0
1045,12135536,-1081,-46,-1,0
1046,12134408,-1128,-47,-1,0
1047,12133232,-1176,-48,-1,0
1048,12132007,-1225,-49,-1,0
1049,12130732,-1275,-50,-1,0
1050,12129406,-1326,-51,-1,0
1051,12128028,-1378,-52,-1,0
1052,12126597,-1431,-53,-1,0
1053,12125112,-1485,-54,-1,0
1054,12123572,-1540,-55,-1,0
1055,12121976,-1596,-56,-1,0
1056,12120323,-1653,-57,-1,0
1057,12118612,-1711,-58,-1,0
1058,12116842,-1770,-59,-1,0
1059,12115012,-1830,-60,-1,0
1060,12113121,-1891,-61,-1,0
1061,12111168,-1953,-62,-1,0
1062,12109152,-2016,-63,-1,0
1063,12107072,-2080,-64,-1,0
1064,12104927,-2145,-65,-1,0
1065,12102716,-2211,-66,-1,0
1066,12100438,-2278,-67,-1,0
1067,12098092,-2346,-68,-1,0
1068,12095677,-2415,-69,-1,0
1069,12093192,-2485,-70,-1,0
1070,12090636,-2556,-71,-1,0
1071,12088008,-2628,-72,-1,0
1072,12085307,-2701,-73,-1,0
1073,12082532,-2775,-74,-1,0
1074,12079682,-2850,-75,-1,0
1075,12076756,-2926,-76,-1,0
1076,12073753,-3003,-77,-1,0
1077,12070672,-3081,-78,-1,0
1078,12067512,-3160,-79,-1,0
1079,12064272,-3240,-80,-1,0
1080,12060951,-3321,-81,-1,0
1081,12057548,-3403,-82,-1,0
1082,12054062,-3486,-83,-1,0
1083,12050492,-3570,-84,-1,0
1084,12046837,-3655,-85,-1,0
1085,12043096,-3741,-86,-1,0
1086,12039268,-3828,-87,-1,0
1087,12035352,-3916,-88,-1,0
1088,12031347,-4005,-89,-1,0
1089,12027252,-4095,-90,-1,0
1090,12023066,-4186,-91,-1,0
1091,12018788,-4278,-92,-1,0
1092,12014417,-4371,-93,-1,0
1093,12009952,-4465,-94,-1,0
1094,12005392,-4560,-95,-1,0
1095,12000736,-4656,-96,-1,0
1096,11995983,-4753,-97,-1,0
1097,11991132,-4851,-98,-1,0
1098,11986182,-4950,-99,-1,0
1099,11981132,-5050,-100,-1,0
1100,11975981,-5151,-101,-1,0
1101,11970728,-5253,-102,-1,0
1102,11965372,-5356,-103,-1,0
1103,11959912,-5460,-104,-1,0
1104,11954347,-5565,-105,-1,0
1105,11948676,-5671,-106,-1,0
1106,11942898,-5778,-107,-1,0
1107,11937012,-5886,-108,-1,0
1108,11931017,-5995,-109,-1,0
1109,11924912,-6105,-110,-1,0
1110,11918696,-6216,-111,-1,0
1111,11912368,-6328,-112,-1,0
1112,11905927,-6441,-113,-1,0
1113,11899372,-6555,-114,-1,0
1114,11892702,-6670,-115,-1,0
1115,11885916,-6786,-116,-1,0
1116,11879013,-6903,-117,-1,0
1117,11871992,-7021,-118,-1,0
1118,11864852,-7140,-119,-1,0
1119,11857592,-7260,-120,-1,0
1120,11850211,-7381,-121,-1,0
1121,11842708,-7503,-122,-1,0
1122,11835082,-7626,-123,-1,0
1123,11827332,-7750,-124,-1,0
1124,11819457,-7875,-125,-1,0
1125,11811456,-8001,-126,-1,0
1126,11803328,-8128,-127,-1,0
1127,11795072,-8256,-128,-1,0
1128,11786688,-8384,-128,0,1
1129,11778177,-8511,-127,1,1
1130,11769540,-8637,-126,1,0
1131,11760778,-8762,-125,1,0
1132,11751892,-8886,-124,1,0
1133,11742883,-9009,-123,1,0
1134,11733752,-9131,-122,1,0
1135,11724500,-9252,-121,1,0
1136,11715128,-9372,-120,1,0
1137,11705637,-9491,-119,1,0
1138,11696028,-9609,-118,1,0
1139,11686302,-9726,-117,1,0
1140,11676460,-9842,-116,1,0
1141,11666503,-9957,-115,1,0
1142,11656432,-10071,-114,1,0
1143,11646248,-10184,-113,1,0
1144,11635952,-10296,-112,1,0
1145,11625545,-10407,-111,1,0
1146,11615028,-10517,-110,1,0
1147,11604402,-10626,-109,1,0
1148,11593668,-10734,-108,1,0
1149,11582827,-10841,-107,1,0
1150,11571880,-10947,-106,1,0
1151,11560828,-11052,-105,1,0
1152,11549672,-11156,-104,1,0
1153,11538413,-11259,-103,1,0
1154,11527052,-11361,-102,1,0
1155,11515590,-11462,-101,1,0
1156,11504028,-11562,-100,1,0
1157,11492367,-11661,-99,1,0
1158,11480608,-11759,-98,1,0
1159,11468752,-11856,-97,1,0
1160,11456800,-11952,-96,1,0
1161,11444753,-12047,-95,1,0
1162,11432612,-12141,-94,1,0
1163,11420378,-12234,-93,1,0
1164,11408052,-12326,-92,1,0
1165,11395635,-12417,-91,1,0
1166,11383128,-12507,-90,1,0
1167,11370532,-12596,-89,1,0
1168,11357848,-12684,-88,1,0
1169,11345077,-12771,-87,1,0
1170,11332220,-12857,-86,1,0
1171,11319278,-12942,-85,1,0
1172,11306252,-13026,-84,1,0
1173,11293143,-13109,-83,1,0
1174,11279952,-13191,-82,1,0
1175,11266680,-13272,-81,1,0
1176,11253328,-13352,-80,1,0
1177,11239897,-13431,-79,1,0
1178,11226388,-13509,-78,1,0
1179,11212802,-13586,-77,1,0
1180,11199140,-13662,-76,1,0
1181,11185403,-13737,-75,1,0
1182,11171592,-13811,-74,1,0
1183,11157708,-13884,-73,1,0
1184,11143752,-13956,-72,1,0
1185,11129725,-14027,-71,1,0
1186,11115628,-14097,-70,1,0
1187,11101462,-14166,-69,1,0
1188,11087228,-14234,-68,1,0
1189,11072927,-14301,-67,1,0
1190,11058560,-14367,-66,1,0
1191,11044128,-14432,-65,1,0
1192,11029632,-14496,-64,1,0
1193,11015073,-14559,-63,1,0
1194,11000452,-14621,-62,1,0
1195,10985770,-14682,-61,1,0
1196,10971028,-14742,-60,1,0
1197,10956227,-14801,-59,1,0
1198,10941368,-14859,-58,1,0
1199,10926452,-14916,-57,1,0
1200,10911480,-14972,-56,1,0
1201,10896453,-15027,-55,1,0
1202,10881372,-15081,-54,1,0
1203,10866238,-15134,-53,1,0
1204,10851052,-15186,-52,1,0
1205,10835815,-15237,-51,1,0
1206,10820528,-15287,-50,1,0
1207,10805192,-15336,-49,1,0
1208,10789808,-15384,-48,1,0
1209,10774377,-15431,-47,1,0
1210,10758900,-15477,-46,1,0
1211,10743378,-15522,-45,1,0
1212,10727812,-15566,-44,1,0
1213,10712203,-15609,-43,1,0
1214,10696552,-15651,-42,1,0
1215,10680860,-15692,-41,1,0
1216,10665128,-15732,-40,1,0
1217,10649357,-15771,-39,1,0
1218,10633548,-15809,-38,1,0
1219,10617702,-15846,-37,1,0
1220,10601820,-15882,-36,1,0
1221,10585903,-15917,-35,1,0
1222,10569952,-15951,-34,1,0
1223,10553968,-15984,-33,1,0
1224,10537952,-16016,-32,1,0
1225,10521905,-16047,-31,1,0
1226,10505828,-16077,-30,1,0
1227,10489722,-16106,-29,1,0
1228,10473588,-16134,-28,1,0
1229,10457427,-16161,-27,1,0
1230,10441240,-16187,-26,1,0
1231,10425028,-16212,-25,1,0
1232,10408792,-16236,-24,1,0
1233,10392533,-16259,-23,1,0
1234,10376252,-16281,-22,1,0
1235,10359950,-16302,-21,1,0
1236,10343628,-16322,-20,1,0
1237,10327287,-16341,-19,1,0
1238,10310928,-16359,-18,1,0
1239,10294552,-16376,-17,1,0
1240,10278160,-16392,-16,1,0
1241,10261753,-16407,-15,1,0
1242,10245332,-16421,-14,1,0
1243,10228898,-16434,-13,1,0
1244,10212452,-16446,-12,1,0
1245,10195995,-16457,-11,1,0
1246,10179528,-16467,-10,1,0
1247,10163052,-16476,-9,1,0
1248,10146568,-16484,-8,1,0
1249,10130077,-16491,-7,1,0
1250,10113580,-16497,-6,1,0
1251,10097078,-16502,-5,1,0
1252,10080572,-16506,-4,1,0
1253,10064063,-16509,-3,1,0
1254,10047552,-16511,-2,1,0
1255,10031040,-16512,-1,1,0
1256,10014528,-16512,0,1,0
1257,9998016,-16512,0,0,-1
1258,9981504,-16512,0,0,0
1259,9964992,-16512,0,0,0
1260,9948480,-16512,0,0,0
1261,9931968,-16512,0,0,0
1262,9915456,-16512,0,0,0
1263,9898944,-16512,0,0,0
1264,9882432,-16512,0,0,0
1265,9865920,-16512,0,0,0
1266,9849408,-16512,0,0,0
1267,9832896,-16512,0,0,0
1268,9816384,-16512,0,0,0
1269,9799872,-16512,0,0,0
1270,9783360,-16512,0,0,0
1271,9766848,-16512,0,0,0
1272,9750336,-16512,0,0,0
1273,9733824,-16512,0,0,0
1274,9717312,-16512,0,0,0
1275,9700800,-16512,0,0,0
1276,9684288,-16512,0,0,0
1277,9667776,-16512,0,0,0
1278,9651264,-16512,0,0,0
1279,9634752,-16512,0,0,0
1280,9618240,-16512,0,0,0
1281,9601728,-16512,0,0,0
1282,9585216,-16512,0,0,0
1283,9568704,-16512,0,0,0
1284,9552192,-16512,0,0,0
1285,9535680,-16512,0,0,0
1286,9519168,-16512,0,0,0
1287,9502656,-16512,0,0,0
1288,9486144,-16512,0,0,0
1289,9469632,-16512,0,0,0
1290,9453120,-16512,0,0,0
1291,9436608,-16512,0,0,0
1292,9420096,-16512,0,0,0
1293,9403584,-16512,0,0,0
1294,9387072,-16512,0,0,0
1295,9370560,-16512,0,0,0
1296,9354048,-16512,0,0,0
1297,9337536,-16512,0,0,0
1298,9321024,-16512,0,0,0
1299,9304512,-16512,0,0,0
1300,9288000,-16512,0,0,0
1301,9271488,-16512,0,0,0
1302,9254976,-16512,0,0,0
1303,9238464,-16512,0,0,0
1304,9221952,-16512,0,0,0
1305,9205440,-16512,0,0,0
1306,9188928,-16512,0,0,0
1307,9172416,-16512,0,0,0
1308,9155904,-16512,0,0,0
1309,9139392,-16512,0,0,0
1310,9122880,-16512,0,0,0
1311,9106368,-16512,0,0,0
1312,9089856,-16512,0,0,0
1313,9073344,-16512,0,0,0
1314,9056832,-16512,0,0,0
1315,9040320,-16512,0,0,0
1316,9023808,-16512,0,0,0
1317,9007296,-16512,0,0,0
1318,8990784,-16512,0,0,0
1319,8974272,-16512,0,0,0
1320,8957760,-16512,0,0,0
1321,8941248,-16512,0,0,0
1322,8924736,-16512,0,0,0
1323,8908224,-16512,0,0,0
1324,8891712,-16512,0,0,0
1325,8875200,-16512,0,0,0
1326,8858688,-16512,0,0,0
1327,8842176,-16512,0,0,0
1328,8825664,-16512,0,0,0
1329,8809152,-16512,0,0,0
1330,8792640,-16512,0,0,0
1331,8776128,-16512,0,0,0
1332,8759616,-16512,0,0,0
1333,8743104,-16512,0,0,0
1334,8726592,-16512,0,0,0
1335,8710080,-16512,0,0,0
1336,8693568,-16512,0,0,0
1337,8677056,-16512,0,0,0
1338,8660544,-16512,0,0,0
1339,8644032,-16512,0,0,0
1340,8627520,-16512,0,0,0
1341,8611008,-16512,0,0,0
1342,8594496,-16512,0,0,0
1343,8577984,-16512,0,0,0
1344,8561472,-16512,0,0,0
1345,8544960,-16512,0,0,0
1346,8528448,-16512,0,0,0
1347,8511936,-16512,0,0,0
1348,8495424,-16512,0,0,0
1349,8478912,-16512,0,0,0
1350,8462400,-16512,0,0,0
1351,8445888,-16512,0,0,0
1352,8429376,-16512,0,0,0
1353,8412864,-16512,0,0,0
1354,8396352,-16512,0,0,0
1355,8379840,-16512,0,0,0
1356,8363328,-16512,0,0,0
1357,8346816,-16512,0,0,0
1358,8330304,-16512,0,0,0
1359,8313792,-16512,0,0,0
1360,8297280,-16512,0,0,0
1361,8280768,-16512,0,0,0
1362,8264256,-16512,0,0,0
1363,8247744,-16512,0,0,0
1364,8231232,-16512,0,0,0
1365,8214720,-16512,0,0,0
1366,8198208,-16512,0,0,0
1367,8181696,-16512,0,0,0
1368,8165184,-16512,0,0,0
1369,8148672,-16512,0,0,0
1370,8132160,-16512,0,0,0
1371,8115648,-16512,0,0,0
1372,8099136,-16512,0,0,0
1373,8082624,-16512,0,0,0
1374,8066112,-16512,0,0,0
1375,8049600,-16512,0,0,0
1376,8033088,-16512,0,0,0
1377,8016576,-16512,0,0,0
1378,8000064,-16512,0,0,0
1379,7983552,-16512,0,0,0
1380,7967040,-16512,0,0,0
1381,7950528,-16512,0,0,0
1382,7934016,-16512,0,0,0
1383,7917504,-16512,0,0,0
1384,7900992,-16512,0,0,0
1385,7884480,-16512,0,0,0
1386,7867968,-16512,0,0,0
1387,7851456,-16512,0,0,0
1388,7834944,-16512,0,0,0
1389,7818432,-16512,0,0,0
1390,7801920,-16512,0,0,0
1391,7785408,-16512,0,0,0
1392,7768896,-16512,0,0,0
1393,7752384,-16512,0,0,0
1394,7735872,-16512,0,0,0
1395,7719360,-16512,0,0,0
1396,7702848,-16512,0,0,0
1397,7686336,-16512,0,0,0
1398,7669824,-16512,0,0,0
1399,7653312,-16512,0,0,0
1400,7636800,-16512,0,0,0
1401,7620288,-16512,0,0,0
1402,7603776,-16512,0,0,0
1403,7587264,-16512,0,0,0
1404,7570752,-16512,0,0,0
1405,7554240,-16512,0,0,0
1406,7537728,-16512,0,0,0
1407,7521216,-16512,0,0,0
1408,7504704,-16512,0,0,0
1409,7488192,-16512,0,0,0
1410,7471680,-16512,0,0,0
1411,7455168,-16512,0,0,0
1412,7438656,-16512,0,0,0
1413,7422144,-16512,0,0,0
1414,7405632,-16512,0,0,0
1415,7389120,-16512,0,0,0
1416,7372608,-16512,0,0,0
1417,7356096,-16512,0,0,0
1418,7339584,-16512,0,0,0
1419,7323072,-16512,0,0,0
1420,7306560,-16512,0,0,0
1421,7290048,-16512,0,0,0
1422,7273536,-16512,0,0,0
1423,7257024,-16512,0,0,0
1424,7240512,-16512,0,0,0
1425,7224000,-16512,0,0,0
1426,7207488,-16512,0,0,0
1427,7190976,-16512,0,0,0
1428,7174464,-16512,0,0,0
1429,7157952,-16512,0,0,0
1430,7141440,-16512,0,0,0
1431,7124928,-16512,0,0,0
1432,7108416,-16512,0,0,0
1433,7091904,-16512,0,0,0
1434,7075392,-16512,0,0,0
1435,7058880,-16512,0,0,0
1436,7042368,-16512,0,0,0
1437,7025856,-16512,0,0,0
1438,7009344,-16512,0,0,0
1439,6992832,-16512,0,0,0
1440,6976320,-16512,0,0,0
1441,6959808,-16512,0,0,0
1442,6943296,-16512,0,0,0
1443,6926784,-16512,0,0,0
1444,6910272,-16512,0,0,0
1445,6893760,-16512,0,0,0
1446,6877248,-16512,0,0,0
1447,6860736,-16512,0,0,0
1448,6844224,-16512,0,0,0
1449,6827712,-16512,0,0,0
1450,6811200,-16512,0,0,0
1451,6794688,-16512,0,0,0
1452,6778176,-16512,0,0,0
1453,6761664,-16512,0,0,0
1454,6745152,-16512,0,0,0
1455,6728640,-16512,0,0,0
1456,6712128,-16512,0,0,0
1457,6695616,-16512,0,0,0
1458,6679104,-16512,0,0,0
1459,6662592,-16512,0,0,0
1460,6646080,-16512,0,0,0
1461,6629568,-16512,0,0,0
1462,6613056,-16512,0,0,0
1463,6596544,-16512,0,0,0
1464,6580032,-16512,0,0,0
1465,6563520,-16512,0,0,0
1466,6547008,-16512,0,0,0
1467,6530496,-16512,0,0,0
1468,6513984,-16512,0,0,0
1469,6497472,-16512,0,0,0
1470,6480960,-16512,0,0,0
1471,6464448,-16512,0,0,0
1472,6447936,-16512,0,0,0
1473,6431424,-16512,0,0,0
1474,6414912,-16512,0,0,0
1475,6398400,-16512,0,0,0
1476,6381888,-16512,0,0,0
1477,6365376,-16512,0,0,0
1478,6348864,-16512,0,0,0
1479,6332352,-16512,0,0,0
1480,6315840,-16512,0,0,0
1481,6299328,-16512,0,0,0
1482,6282816,-16512,0,0,0
1483,6266304,-16512,0,0,0
1484,6249792,-16512,0,0,0
1485,6233280,-16512,0,0,0
1486,6216768,-16512,0,0,0
1487,6200256,-16512,0,0,0
1488,6183744,-16512,0,0,0
1489,6167232,-16512,0,0,0
1490,6150720,-16512,0,0,0
1491,6134208,-16512,0,0,0
1492,6117696,-16512,0,0,0
1493,6101184,-16512,0,0,0
1494,6084672,-16512,0,0,0
1495,6068160,-16512,0,0,0
1496,6051648,-16512,0,0,0
1497,6035136,-16512,0,0,0
1498,6018624,-16512,0,0,0
1499,6002112,-16512,0,0,0
1500,5985600,-16512,0,0,0
1501,5969088,-16512,0,0,0
1502,5952576,-16512,0,0,0
1503,5936064,-16512,0,0,0
1504,5919552,-16512,0,0,0
1505,5903040,-16512,0,0,0
1506,5886528,-16512,0,0,0
1507,5870016,-16512,0,0,0
1508,5853504,-16512,0,0,0
1509,5836992,-16512,0,0,0
1510,5820480,-16512,0,0,0
1511,5803968,-16512,0,0,0
1512,5787456,-16512,0,0,0
1513,5770944,-16512,0,0,0
1514,5754432,-16512,0,0,0
1515,5737920,-16512,0,0,0
1516,5721408,-16512,0,0,0
1517,5704896,-16512,0,0,0
1518,5688384,-16512,0,0,0
1519,5671872,-16512,0,0,0
1520,5655360,-16512,0,0,0
1521,5638848,-16512,0,0,0
1522,5622336,-16512,0,0,0
1523,5605824,-16512,0,0,0
1524,5589312,-16512,0,0,0
1525,5572800,-16512,0,0,0
1526,5556288,-16512,0,0,0
1527,5539776,-16512,0,0,0
1528,5523264,-16512,0,0,0
1529,5506752,-16512,0,0,0
1530,5490240,-16512,0,0,0
1531,5473728,-16512,0,0,0
1532,5457216,-16512,0,0,0
1533,5440704,-16512,0,0,0
1534,5424192,-16512,0,0,0
1535,5407680,-16512,0,0,0
1536,5391168,-16512,0,0,0
1537,5374656,-16512,0,0,0
1538,5358144,-16512,0,0,0
1539,5341632,-16512,0,0,0
1540,5325120,-16512,0,0,0
1541,5308608,-16512,0,0,0
1542,5292096,-16512,0,0,0
1543,5275584,-16512,0,0,0
1544,5259072,-16512,0,0,0
1545,5242560,-16512,0,0,0
1546,5226048,-16512,0,0,0
1547,5209536,-16512,0,0,0
1548,5193024,-16512,0,0,0
1549,5176512,-16512,0,0,0
1550,5160000,-16512,0,0,0
1551,5143488,-16512,0,0,0
1552,5126976,-16512,0,0,0
1553,5110464,-16512,0,0,0
1554,5093952,-16512,0,0,0
1555,5077440,-16512,0,0,0
1556,5060928,-16512,0,0,0
1557,5044416,-16512,0,0,0
1558,5027904,-16512,0,0,0
1559,5011392,-16512,0,0,0
1560,4994880,-16512,0,0,0
1561,4978368,-16512,0,0,0
1562,4961856,-16512,0,0,0
1563,4945344,-16512,0,0,0
1564,4928832,-16512,0,0,0
1565,4912320,-16512,0,0,0
1566,4895808,-16512,0,0,0
1567,4879296,-16512,0,0,0
1568,4862784,-16512,0,0,0
1569,4846272,-16512,0,0,0
1570,4829760,-16512,0,0,0
1571,4813248,-16512,0,0,0
1572,4796736,-16512,0,0,0
1573,4780224,-16512,0,0,0
1574,4763712,-16512,0,0,0
1575,4747200,-16512,0,0,0
1576,4730688,-16512,0,0,0
1577,4714176,-16512,0,0,0
1578,4697664,-16512,0,0,0
1579,4681152,-16512,0,0,0
1580,4664640,-16512,0,0,0
1581,4648128,-16512,0,0,0
1582,4631616,-16512,0,0,0
1583,4615104,-16512,0,0,0
1584,4598592,-16512,0,0,0
1585,4582080,-16512,0,0,0
1586,4565568,-16512,0,0,0
1587,4549056,-16512,0,0,0
1588,4532544,-16512,0,0,0
1589,4516032,-16512,0,0,0
1590,4499520,-16512,0,0,0
1591,4483008,-16512,0,0,0
1592,4466496,-16512,0,0,0
1593,4449984,-16512,0,0,0
1594,4433472,-16512,0,0,0
1595,4416960,-16512,0,0,0
1596,4400448,-16512,0,0,0
1597,4383936,-16512,0,0,0
1598,4367424,-16512,0,0,0
1599,4350912,-16512,0,0,0
1600,4334400,-16512,0,0,0
1601,4317888,-16512,0,0,0
1602,4301376,-16512,0,0,0
1603,4284864,-16512,0,0,0
1604,4268352,-16512,0,0,0
1605,4251840,-16512,0,0,0
1606,4235328,-16512,0,0,0
1607,4218816,-16512,0,0,0
1608,4202304,-16512,0,0,0
1609,4185792,-16512,0,0,0
1610,4169280,-16512,0,0,0
1611,4152768,-16512,0,0,0
1612,4136256,-16512,0,0,0
1613,4119744,-16512,0,0,0
1614,4103232,-16512,0,0,0
1615,4086720,-16512,0,0,0
1616,4070208,-16512,0,0,0
1617,4053696,-16512,0,0,0
1618,4037184,-16512,0,0,0
1619,4020672,-16512,0,0,0
1620,4004160,-16512,0,0,0
1621,3987648,-16512,0,0,0
1622,3971136,-16512,0,0,0
1623,3954624,-16512,0,0,0
1624,3938112,-16512,0,0,0
1625,3921600,-16512,0,0,0
1626,3905088,-16512,0,0,0
1627,3888576,-16512,0,0,0
1628,3872064,-16512,0,0,0
1629,3855552,-16512,0,0,0
1630,3839040,-16512,0,0,0
1631,3822528,-16512,0,0,0
1632,3806016,-16512,0,0,0
1633,3789504,-16512,0,0,0
1634,3772992,-16512,0,0,0
1635,3756480,-16512,0,0,0
1636,3739968,-16512,0,0,0
1637,3723456,-16512,0,0,0
1638,3706944,-16512,0,0,0
1639,3690432,-16512,0,0,0
1640,3673920,-16512,0,0,0
1641,3657408,-16512,0,0,0
1642,3640896,-16512,0,0,0
1643,3624384,-16512,0,0,0
1644,3607872,-16512,0,0,0
1645,3591360,-16512,0,0,0
1646,3574848,-16512,0,0,0
1647,3558336,-16512,0,0,0
1648,3541824,-16512,0,0,0
1649,3525312,-16512,0,0,0
1650,3508800,-16512,0,0,0
1651,3492288,-16512,0,0,0
1652,3475776,-16512,0,0,0
1653,3459264,-16512,0,0,0
1654,3442752,-16512,0,0,0
1655,3426240,-16512,0,0,0
1656,3409728,-16512,0,0,0
1657,3393216,-16512,0,0,0
1658,3376704,-16512,0,0,0
1659,3360192,-16512,0,0,0
1660,3343680,-16512,0,0,0
1661,3327168,-16512,0,0,0
1662,3310656,-16512,0,0,0
1663,3294144,-16512,0,0,0
1664,3277632,-16512,0,0,0
1665,3261120,-16512,0,0,0
1666,3244608,-16512,0,0,0
1667,3228096,-16512,0,0,0
1668,3211584,-16512,0,0,0
1669,3195072,-16512,0,0,0
1670,3178560,-16512,0,0,0
1671,3162048,-16512,0,0,0
1672,3145536,-16512,0,0,0
1673,3129024,-16512,0,0,0
1674,3112512,-16512,0,0,0
1675,3096000,-16512,0,0,0
1676,3079488,-16512,0,0,0
1677,3062976,-16512,0,0,0
1678,3046464,-16512,0,0,0
1679,3029952,-16512,0,0,0
1680,3013440,-16512,0,0,0
1681,2996928,-16512,0,0,0
1682,2980416,-16512,0,0,0
1683,2963904,-16512,0,0,0
1684,2947392,-16512,0,0,0
1685,2930880,-16512,0,0,0
1686,2914368,-16512,0,0,0
1687,2897856,-16512,0,0,0
1688,2881344,-16512,0,0,0
1689,2864832,-16512,0,0,0
1690,2848320,-16512,0,0,0
1691,2831808,-16512,0,0,0
1692,2815296,-16512,0,0,0
1693,2798784,-16512,0,0,0
1694,2782272,-16512,0,0,0
1695,2765760,-16512,0,0,0
1696,2749248,-16512,0,0,0
1697,2732736,-16512,0,0,0
1698,2716224,-16512,0,0,0
1699,2699712,-16512,0,0,0
1700,2683200,-16512,0,0,0
1701,2666688,-16512,0,0,0
1702,2650176,-16512,0,0,0
1703,2633664,-16512,0,0,0
1704,2617152,-16512,0,0,0
1705,2600640,-16512,0,0,0
1706,2584128,-16512,0,0,0
1707,2567616,-16512,0,0,0
1708,2551104,-16512,0,0,0
1709,2534592,-16512,0,0,0
1710,2518080,-16512,0,0,0
1711,2501568,-16512,0,0,0
1712,2485056,-16512,0,0,0
1713,2468544,-16512,0,0,0
1714,2452032,-16512,0,0,0
1715,2435520,-16512,0,0,0
1716,2419008,-16512,0,0,0
1717,2402496,-16512,0,0,0
1718,2385984,-16512,0,0,0
1719,2369472,-16512,0,0,0
1720,2352960,-16512,0,0,0
1721,2336448,-16512,0,0,0
1722,2319936,-16512,0,0,0
1723,2303424,-16512,0,0,0
1724,2286912,-16512,0,0,0
1725,2270400,-16512,0,0,0
1726,2253888,-16512,0,0,0
1727,2237376,-16512,0,0,0
1728,2220864,-16512,0,0,0
1729,2204352,-16512,0,0,0
1730,2187840,-16512,0,0,0
1731,2171328,-16512,0,0,0
1732,2154816,-16512,0,0,0
1733,2138304,-16512,0,0,0
1734,2121792,-16512,0,0,0
1735,2105280,-16512,0,0,0
1736,2088769,-16511,1,1,1
1737,2072260,-16509,2,1,0
1738,2055754,-16506,3,1,0
1739,2039252,-16502,4,1,0
1740,2022755,-16497,5,1,0
1741,2006264,-16491,6,1,0
1742,1989780,-16484,7,1,0
1743,1973304,-16476,8,1,0
1744,1956837,-16467,9,1,0
1745,1940380,-16457,10,1,0
1746,1923934,-16446,11,1,0
1747,1907500,-16434,12,1,0
1748,1891079,-16421,13,1,0
1749,1874672,-16407,14,1,0
1750,1858280,-16392,15,1,0
1751,1841904,-16376,16,1,0
1752,1825545,-16359,17,1,0
1753,1809204,-16341,18,1,0
1754,1792882,-16322,19,1,0
1755,1776580,-16302,20,1,0
1756,1760299,-16281,21,1,0
1757,1744040,-16259,22,1,0
1758,1727804,-16236,23,1,0
1759,1711592,-16212,24,1,0
1760,1695405,-16187,25,1,0
1761,1679244,-16161,26,1,0
1762,1663110,-16134,27,1,0
1763,1647004,-16106,28,1,0
1764,1630927,-16077,29,1,0
1765,1614880,-16047,30,1,0
1766,1598864,-16016,31,1,0
1767,1582880,-15984,32,1,0
1768,1566929,-15951,33,1,0
1769,1551012,-15917,34,1,0
1770,1535130,-15882,35,1,0
1771,1519284,-15846,36,1,0
1772,1503475,-15809,37,1,0
1773,1487704,-15771,38,1,0
1774,1471972,-15732,39,1,0
1775,1456280,-15692,40,1,0
1776,1440629,-15651,41,1,0
1777,1425020,-15609,42,1,0
1778,1409454,-15566,43,1,0
1779,1393932,-15522,44,1,0
1780,1378455,-15477,45,1,0
1781,1363024,-15431,46,1,0
1782,1347640,-15384,47,1,0
1783,1332304,-15336,48,1,0
1784,1317017,-15287,49,1,0
1785,1301780,-15237,50,1,0
1786,1286594,-15186,51,1,0
1787,1271460,-15134,52,1,0
1788,1256379,-15081,53,1,0
1789,1241352,-15027,54,1,0
1790,1226380,-14972,55,1,0
1791,1211464,-14916,56,1,0
1792,1196605,-14859,57,1,0
1793,1181804,-14801,58,1,0
1794,1167062,-14742,59,1,0
1795,1152380,-14682,60,1,0
1796,1137759,-14621,61,1,0
1797,1123200,-14559,62,1,0
1798,1108704,-14496,63,1,0
1799,1094272,-14432,64,1,0
1800,1079905,-14367,65,1,0
1801,1065604,-14301,66,1,0
1802,1051370,-14234,67,1,0
1803,1037204,-14166,68,1,0
1804,1023107,-14097,69,1,0
1805,1009080,-14027,70,1,0
1806,995124,-13956,71,1,0
1807,981240,-13884,72,1,0
1808,967429,-13811,73,1,0
1809,953692,-13737,74,1,0
1810,940030,-13662,75,1,0
1811,926444,-13586,76,1,0
1812,912935,-13509,77,1,0
1813,899504,-13431,78,1,0
1814,886152,-13352,79,1,0
1815,872880,-13272,80,1,0
1816,859689,-13191,81,1,0
1817,846580,-13109,82,1,0
1818,833554,-13026,83,1,0
1819,820612,-12942,84,1,0
1820,807755,-12857,85,1,0
1821,794984,-12771,86,1,0
1822,782300,-12684,87,1,0
1823,769704,-12596,88,1,0
1824,757197,-12507,89,1,0
1825,744780,-12417,90,1,0
1826,732454,-12326,91,1,0
1827,720220,-12234,92,1,0
1828,708079,-12141,93,1,0
1829,696032,-12047,94,1,0
1830,684080,-11952,95,1,0
1831,672224,-11856,96,1,0
1832,660465,-11759,97,1,0
1833,648804,-11661,98,1,0
1834,637242,-11562,99,1,0
1835,625780,-11462,100,1,0
1836,614419,-11361,101,1,0
1837,603160,-11259,102,1,0
1838,592004,-11156,103,1,0
1839,580952,-11052,104,1,0
1840,570005,-10947,105,1,0
1841,559164,-10841,106,1,0
1842,548430,-10734,107,1,0
1843,537804,-10626,108,1,0
1844,527287,-10517,109,1,0
1845,516880,-10407,110,1,0
1846,506584,-10296,111,1,0
1847,496400,-10184,112,1,0
1848,486329,-10071,113,1,0
1849,476372,-9957,114,1,0
1850,466530,-9842,115,1,0
1851,456804,-9726,116,1,0
1852,447195,-9609,117,1,0
1853,437704,-9491,118,1,0
1854,428332,-9372,119,1,0
1855,419080,-9252,120,1,0
1856,409949,-9131,121,1,0
1857,400940,-9009,122,1,0
1858,392054,-8886,123,1,0
1859,383292,-8762,124,1,0
1860,374655,-8637,125,1,0
1861,366144,-8511,126,1,0
1862,357760,-8384,127,1,0
1863,349504,-8256,128,1,0
1864,341376,-8128,128,0,-1
1865,333375,-8001,127,-1,-1
1866,325500,-7875,126,-1,0
1867,317750,-7750,125,-1,0
1868,310124,-7626,124,-1,0
1869,302621,-7503,123,-1,0
1870,295240,-7381,122,-1,0
1871,287980,-7260,121,-1,0
1872,280840,-7140,120,-1,0
1873,273819,-7021,119,-1,0
1874,266916,-6903,118,-1,0
1875,260130,-6786,117,-1,0
1876,253460,-6670,116,-1,0
1877,246905,-6555,115,-1,0
1878,240464,-6441,114,-1,0
1879,234136,-6328,113,-1,0
1880,227920,-6216,112,-1,0
1881,221815,-6105,111,-1,0
1882,215820,-5995,110,-1,0
1883,209934,-5886,109,-1,0
1884,204156,-5778,108,-1,0
1885,198485,-5671,107,-1,0
1886,192920,-5565,106,-1,0
1887,187460,-5460,105,-1,0
1888,182104,-5356,104,-1,0
1889,176851,-5253,103,-1,0
1890,171700,-5151,102,-1,0
1891,166650,-5050,101,-1,0
1892,161700,-4950,100,-1,0
1893,156849,-4851,99,-1,0
1894,152096,-4753,98,-1,0
1895,147440,-4656,97,-1,0
1896,142880,-4560,96,-1,0
1897,138415,-4465,95,-1,0
1898,134044,-4371,94,-1,0
1899,129766,-4278,93,-1,0
1900,125580,-4186,92,-1,0
1901,121485,-4095,91,-1,0
1902,117480,-4005,90,-1,0
1903,113564,-3916,89,-1,0
1904,109736,-3828,88,-1,0
1905,105995,-3741,87,-1,0
1906,102340,-3655,86,-1,0
1907,98770,-3570,85,-1,0
1908,95284,-3486,84,-1,0
1909,91881,-3403,83,-1,0
1910,88560,-3321,82,-1,0
1911,85320,-3240,81,-1,0
1912,82160,-3160,80,-1,0
1913,79079,-3081,79,-1,0
1914,76076,-3003,78,-1,0
1915,73150,-2926,77,-1,0
1916,70300,-2850,76,-1,0
1917,67525,-2775,75,-1,0
1918,64824,-2701,74,-1,0
1919,62196,-2628,73,-1,0
1920,59640,-2556,72,-1,0
1921,57155,-2485,71,-1,0
1922,54740,-2415,70,-1,0
1923,52394,-2346,69,-1,0
1924,50116,-2278,68,-1,0
1925,47905,-2211,67,-1,0
1926,45760,-2145,66,-1,0
1927,43680,-2080,65,-1,0
1928,41664,-2016,64,-1,0
1929,39711,-1953,63,-1,0
1930,37820,-1891,62,-1,0
1931,35990,-1830,61,-1,0
1932,34220,-1770,60,-1,0
1933,32509,-1711,59,-1,0
1934,30856,-1653,58,-1,0
1935,29260,-1596,57,-1,0
1936,27720,-1540,56,-1,0
1937,26235,-1485,55,-1,0
1938,24804,-1431,54,-1,0
1939,23426,-1378,53,-1,0
1940,22100,-1326,52,-1,0
1941,20825,-1275,51,-1,0
1942,19600,-1225,50,-1,0
1943,18424,-1176,49,-1,0
1944,17296,-1128,48,-1,0
1945,16215,-1081,47,-1,0
1946,15180,-1035,46,-1,0
1947,14190,-990,45,-1,0
1948,13244,-946,44,-1,0
1949,12341,-903,43,-1,0
1950,11480,-861,42,-1,0
1951,10660,-820,41,-1,0
1952,9880,-780,40,-1,0
1953,9139,-741,39,-1,0
1954,8436,-703,38,-1,0
1955,7770,-666,37,-1,0
1956,7140,-630,36,-1,0
1957,6545,-595,35,-1,0
1958,5984,-561,34,-1,0
1959,5456,-528,33,-1,0
1960,4960,-496,32,-1,0
1961,4495,-465,31,-1,0
1962,4060,-435,30,-1,0
1963,3654,-406,29,-1,0
1964,3276,-378,28,-1,0
1965,2925,-351,27,-1,0
1966,2600,-325,26,-1,0
1967,2300,-300,25,-1,0
1968,2024,-276,24,-1,0
1969,1771,-253,23,-1,0
1970,1540,-231,22,-1,0
1971,1330,-210,21,-1,0
1972,1140,-190,20,-1,0
1973,969,-171,19,-1,0
1974,816,-153,18,-1,0
1975,680,-136,17,-1,0
1976,560,-120,16,-1,0
1977,455,-105,15,-1,0
1978,364,-91,14,-1,0
1979,286,-78,13,-1,0
1980,220,-66,12,-1,0
1981,165,-55,11,-1,0
1982,120,-45,10,-1,0
1983,84,-36,9,-1,0
1984,56,-28,8,-1,0
1985,35,-21,7,-1,0
1986,20,-15,6,-1,0
1987,10,-10,5,-1,0
1988,4,-6,4,-1,0
1989,1,-3,3,-1,0
1990,0,-1,2,-1,0
1991,0,0,1,-1,0
1992,0,0,0,-1,0
1993,0,0,0,0,1
